"V1","V2","V3","MAF","Effect","SE","SeedThickness.FarmCPU"
"NC_058138.1_2620063_T_C",2,2620063,0.201550387596899,-1.98998514856265,0.353205509237006,1.12208295675368e-07
"NC_058147.1_2507594_C_T",11,2507594,0.205426356589147,1.67975507106443,0.309267738482737,2.83436687072364e-07
